audio_file,expected_text,locality,condition,deepgram_transcript,deepgram_latency,deepgram_wer,deepgram_locality_correct,whisper_transcript,whisper_latency,whisper_wer,whisper_locality_correct,sarvam_transcript,sarvam_latency,sarvam_wer,sarvam_locality_correct
audio_01.wav,Haan main Koramangala mein rehta hoon,Koramangala,quiet,हां मैं कोरमंगला में रहता हूं.,2.0459301471710205,1.0,True, हाँ मैं कोरमंगला में रहता हूँ,0.5051181316375732,1.0,True,"हाँ, मैं कोरमंगला में रहता हूँ।",0.9295010566711426,1.0,True
audio_02.wav,Mera office Indiranagar ke paas hai,Indiranagar,quiet,मेरा office इन्द्रनगर के पास है.,3.023001194000244,0.8333333333333334,True, मेरा ऑफिस इंदिरा नागर के पास है,0.6306030750274658,1.1666666666666667,True,मेरा ऑफिस इंदिरा नगर के पास है।,0.6911098957061768,1.1666666666666667,True
audio_03.wav,Whitefield ki side naya building bana hai,Whitefield,quiet,Whitefield के side नया building बना है.,2.840360403060913,0.5714285714285714,True, वाइट फील्ड के साइड नया बिल्डिंग मनाया,0.6645140647888184,1.0,True,वाइट फील्ड के साइड नया बिल्डिंग बना है।,0.8013787269592285,1.1428571428571428,True
audio_04.wav,Electronic City ke metro station pe milte hain,Electronic City,quiet,Electronic city के metro station पर मिलते हैं.,2.961627721786499,0.5,True, एलेक्ट्रोनिक सिटी के मैट्रो स्टेशन पे मिलते हैं,0.4006979465484619,1.0,True,इलेक्ट्रॉनिक सिटी के मेट्रो स्टेशन पर मिलते हैं।,1.0212500095367432,1.0,True
audio_05.wav,Marathahalli drop kar dena bhaiya,Marathahalli,quiet,मारा थाली drop कर देना भैया.,2.9473719596862793,1.0,False, मारत अली ड्रॉप कर देना भाईया,0.42755985260009766,1.2,False,मारा था अली ड्रॉप कर देना भैया।,0.7136270999908447,1.4,False
audio_06.wav,Jayanagar fourth block ka market bohot badhiya hai,Jayanagar,fan noise,जय नगर fourth block का market बहुत बढ़िया है.,2.4467830657958984,0.75,True, जयानगर फूर्थ ब्लॉक का मार्केट बहुत बढ़िया है,0.42208003997802734,1.0,True,जयानगर फोर्थ ब्लॉक का मार्केट बहुत बढ़िया है,0.5458052158355713,1.0,True
audio_07.wav,Rajajinagar wala route short padega,Rajajinagar,fan noise,राजाजी नगर वाला route shot पड़ेगा.,2.715038299560547,1.0,True, राजाजी नगर वाला रूट शॉट पड़ेगा,0.44557785987854004,1.2,True,राजाजी नगर वाला रूट शॉर्ट पड़ेगा,0.6509010791778564,1.2,True
audio_08.wav,Hebbal flyover pe toh humesha jam rehta hai,Hebbal,fan noise,हैबल flyover पर तो हमेशा जाम रहता है.,1.8868038654327393,0.875,True, हेबल फ्लायो और पे तो हमेशा जाम रहता है,0.5129609107971191,1.125,True,हेबल फ्लाईओवर पर तो हमेशा जाम रहता है।,0.790388822555542,1.0,True
audio_09.wav,Yelahanka side rent thoda kam hai,Yelahanka,fan noise,Yellanka side rank थोड़ा कम है.,1.9604289531707764,0.8333333333333334,True, येलंका साइड रेंड थोड़ा कम है,0.3987112045288086,1.0,True,ये लंका साइड रेंट थोड़ा कम है।,0.9463610649108887,1.1666666666666667,False
audio_10.wav,Banashankari bus stand ke pass khada hoon jaldi aao,Banashankari,street traffic,"बंद संक्री बस stand के पास खड़ा हूँ, जल्दी आओ.",3.240941047668457,1.0,False, बन्शंक्री बस्टैंड के पास खड़ा हूँ जल्दी आओ,0.6803750991821289,1.0,True,"भंजशंकरी बस स्टैंड के पास खड़ा हूँ, जल्दी आओ।",0.7758169174194336,1.0,False
audio_11.wav,Bhaiya HSR Layout sector two chalna hai,HSR Layout,street traffic,भैया HSR layout sector 2 चलना है.,2.7252962589263916,0.5714285714285714,True," भाईया, HSR Layout Sector 2 चलना है।",0.36680078506469727,0.5714285714285714,True,भैया एचएसआर लेआउट सेक्टर टू चलना है,1.0562920570373535,1.0,True
audio_12.wav,BTM Layout mein bohot saare pg hain,BTM Layout,street traffic,"हां, BTM layout में बहुत सारे भेजी है.",2.2425129413604736,0.8571428571428571,True, बीटीम लेयाओट में बहुत सारे भीजी है,0.3800680637359619,1.0,True,"हाँ, बीटीएम लेआउट में बहुत सारे पीजी हैं।",1.0990889072418213,1.1428571428571428,True
audio_13.wav,Majestic railway station ke pass drop kar do,Majestic,street traffic,Majestic railway station के पास drop कर दो.,2.0804011821746826,0.5,True, मजेस्टिक रेलवे स्टेशन के पास ड्रॉप कर दो,0.4824488162994385,1.0,True,मजेस्टिक रेलवे स्टेशन के पास ड्रॉप कर दो।,0.6713590621948242,1.0,True
audio_14.wav,Silk Board signal pe phas gaya hoon time lagega,Silk Board,whisper,Self board signal पर फ़ंस गया हूं time लगेगा.,3.133053779602051,0.6666666666666666,True, चलक बोर सिग्नल पर फस गया हूँ टाइम लगेगा,0.481705904006958,1.0,False,"सिल्क बोर्ड सिग्नल पर फँस गया हूँ, टाइम लगेगा।",0.6643130779266357,1.0,True
audio_15.wav,Bellandur lake ke pass dhuandhai ho rakhi hai,Bellandur,whisper,Leyland दूर lake के पास खड़ा हूं पंद्रह minute से थोड़ा time लगेगा.,2.4351208209991455,1.5,False, पेलंदू लेक के पास खड़ा हूँ 15 मिनट से थोड़ा टाइम लगेगा,0.4156758785247803,1.5,False,बेलनदूर लेक के पास खड़ा हूँ पंद्रह मिनट से थोड़ा टाइम लगेगा,0.8211531639099121,1.5,True
audio_16.wav,Sarjapur road pe naya mall khula hai,Sarjapur,whisper,Road पर नया mall खुला है.,2.1566061973571777,0.7142857142857143,False, सरजपुर रोड पे नया मॉल खुलाया,0.38677072525024414,1.0,True,सरजापुर रोड पर नया मॉल खुला है।,0.8166258335113525,1.0,True
audio_17.wav,Bommanahalli side raasta bohot kharab hai,Bommanahalli,whisper,बोमाना हल्ली side रास्ता बहुत ही खराब है.,2.413141965866089,1.1666666666666667,True, बोमाना हल्ली साइड रास्ता बहुती खराब है,0.4142911434173584,1.1666666666666667,True,बोमनाहल्ली साइड रास्ता बहुत ही खराब है।,0.7663700580596924,1.1666666666666667,True
audio_18.wav,KR Puram bridge cross karne mein ek ghanta lag gaya,KR Puram,fast,क्या करूं place cross करने में एक घंटा लग गया.,2.2493810653686523,0.9,False, क्या अलपरम ब्रिज क्रॉस करने में एक घंटा लग गया,0.3987550735473633,1.0,False,क्या आरपुरम ब्रिज क्रॉस करने में एक घंटा लग गया?,0.8154921531677246,1.0,True
audio_19.wav,Peenya industrial area mein factory hai unki,Peenya,fast,India industrial area में factory होंगी.,1.982309103012085,0.5714285714285714,False, पिन्या इंडुस्ट्रियल एरिया में फैक्टरी होंगी,0.38876891136169434,1.0,True,पिनियो इंडस्ट्रियल एरिया में फैक्ट्री है उनकी,0.6308879852294922,1.0,True
audio_20.wav,Yeshwanthpur junction se train pakadni hai jaldi chalo,Yeshwanthpur,fast,यशवंतपुर जंक्शन से train पकड़नी है. जल्दी चलो.,2.4116122722625732,0.875,True," यश्वनपुर जंक्षन से ट्रेन पगणनी है, जल्दी चलो",0.44457411766052246,1.0,True,"यशवंतपुर जंक्शन से ट्रेन पकड़नी है, जल्दी चलो।",1.963813066482544,1.0,True
